{
  "version": 2,
  "builds": [
    {
      "src": "package.json",
      "use": "@vercel/next",
      "config": {
        "includeFiles": [
          "next.config.js",
          "public/**/*",
          "app/**/*",
          "components/**/*",
          "lib/**/*",
          "types/**/*"
        ]
      }
    }
  ],
  "routes": [
    {
      "src": "/(.*)",
      "dest": "/app/$1"
    }
  ],
  "headers": [
    {
      "source": "/(.*)",
      "headers": [
        {
          "key": "Content-Security-Policy",
          "value": "script-src 'self' 'unsafe-inline' https://telegram.org; object-src 'none';"
        },
        {
          "key": "X-Content-Type-Options",
          "value": "nosniff"
        },
        {
          "key": "X-Frame-Options",
          "value": "DENY"
        },
        {
          "key": "X-XSS-Protection",
          "value": "1; mode=block"
        }
      ]
    }
  ],
  "env": {
    "NODE_ENV": "production"
  },
  "build": {
    "env": {
      "NEXT_TELEGRAM_MINI_APP": "true"
    }
  }
}
